ID,True_Label,Predicted_Label
Actinia_equina,std,abj
Metridium_senile,std,abj
Pelagia_noctiluca,abj,abj
Cassiopea_xamachana,abj,abj
Mnemiopsis_leidyi,asj,abj
Symsagittifera_roscoffensis,abj,abj
Brachionus_plicatilis,std,abj
Katharina_tunicata,abj,abj
Cryptochiton_stelleri,abj,abj
Placopecten_magellanicus,abj,abj
Argopecten_purpuratus,abj,abj
Mimachlamys_varia,abj,abj
Magallana_gigas,asj,abj
Ostrea_edulis,asj,abj
Saccostrea_cuccullata,abj,abj
Brachidontes_pharaonis,abj,abj
Geukensia_demissa,abj,abj
Mytilus_californianus,abj,abj
Mytilus_galloprovincialis,abj,abj
Mytilus_trossulus,abj,abj
Perna_viridis,abj,abj
Perna_perna,abj,abj
Perna_canaliculus,abj,abj
Septifer_virgatus,abj,abj
Laternula_elliptica,abj,abj
Cerastoderma_edule,abj,abj
Tridacna_gigas,abj,abj
Donax_trunculus,abj,abj
Donax_vittatus,abj,abj
Macoma_balthica,abj,abj
Mya_arenaria,abj,abj
Arctica_islandica,abj,abj
Corbicula_fluminea,abj,abj
Dosinia_japonica,abj,abj
Mercenaria_mercenaria,abj,abj
Ruditapes_philippinarum,abj,abj
Ruditapes_decussatus,abj,abj
Echyridella_menziesii,abj,abj
Cumberlandia_monodonta,abj,std
Margaritifera_laevis,abj,abj
Margaritifera_margaritifera,abj,abj
Amblema_plicata,abj,abj
Quadrula_quadrula,abj,std
Microcondylaea_bonellii,abj,abj
Potomida_littoralis,abj,abj
Lamellidens_marginalis,abj,abj
Alasmidonta_heterodon,abj,abj
Anodonta_anatina,abj,abj
Anodonta_cygnea,abj,abj
Pseudanodonta_complanata,abj,abj
Pyganodon_grandis,abj,abj
Sinanodonta_woodiana,abj,std
Unio_pictorum,abj,abj
Gibbula_umbilicalis,abj,abj
Haliotis_rubra,abj,abj
Clithon_retropictum,abj,abj
Pomacea_canaliculata,std,abj
Buccinum_undatum,abj,abj
Potamopyrgus_antipodarum,abj,abj
Aplysia_californica,asj,abj
Bulinus_globosus,abj,abj
Bulinus_truncatus,abj,abj
Ferrissia_californica,abj,abj
Biomphalaria_glabrata,abj,abj
Biomphalaria_pfeifferi,abj,abj
Physella_acuta,abj,abj
Succinea_putris,abj,abj
Discus_perspectivus,abj,abj
Ambigolimax_valentianus,abj,abj
Helix_pomatia,abj,abj
Nautilus_pompilius,abj,abj
Doryteuthis_opalescens,abj,abj
Heterololigo_bleekeri,abj,abj
Sepioteuthis_lessoniana,abj,abj
Uroteuthis_chinensis,abj,abj
Uroteuthis_duvauceli,abj,abj
Uroteuthis_edulis,abj,abj
Liocranchia_reinhardtii,abj,abj
Abraliopsis_morisii,abj,abj
Watasenia_scintillans,abj,abj
Histioteuthis_bonnellii,abj,abj
Illex_argentinus,abj,abj
Dosidicus_gigas,abj,abj
Sthenoteuthis_oualaniensis,abj,abj
Thysanoteuthis_rhombus,abj,abj
Sepia_apama,abj,abj
Sepia_elegans,abj,abj
Sepia_officinalis,abj,abj
Sepia_orbignyana,abj,abj
Sepia_pharaonis,abj,abj
Sepiella_inermis,abj,abj
Sepietta_obscura,abj,abj
Rossia_macrosoma,abj,abj
Spirula_spirula,abj,abj
Argonauta_argo,abj,abj
Argonauta_hians,abj,abj
Japetella_diaphana,abj,abj
Eledone_cirrhosa,abj,abj
Enteroctopus_dofleini,abj,abj
Amphioctopus_aegina,abj,abj
Amphioctopus_fangsiao,abj,abj
Octopus_bimaculoides,abj,abj
Octopus_cyanea,abj,abj
Octopus_mimus,abj,abj
Octopus_vulgaris,abj,abj
Pteroctopus_tetracirrhus,abj,abj
Vampyroteuthis_infernalis,abj,abj
Flustra_foliacea,std,abj
Hediste_diversicolor,abj,abj
Urechis_caupo,abj,abj
Lumbricus_terrestris,std,abj
Aporrectodea_caliginosa,std,abj
Eisenia_andrei,std,abj
Eisenia_fetida,std,abj
Barbronia_weberi,std,abj
Theromyzon_tessulatum,std,std
Lineus_viridis,abj,abj
Caenorhabditis_elegans,abj,abj
Rhizoglyphus_robini,abj,abj
Artemia_salina,abj,abj
Artemia_urmiana,abj,abj
Eubranchipus_grubii,abj,abj
Streptocephalus_sirindhornae,abj,abj
Branchinella_kugenumaensis,abj,abj
Daphnia_carinata,std,abj
Daphnia_magna,std,abj
Daphnia_pulex,std,abj
Simocephalus_serrulatus,std,abj
Diaphanosoma_excisum,std,abj
Lepidurus_arcticus,std,abj
Triops_granarius,std,abj
Triops_longicaudatus,std,abj
Pollicipes_polymerus,abj,abj
Amphibalanus_amphitrite,abj,abj
Eurytemora_affinis,abp,abj
Lepeophtheirus_salmonis,abp,abj
Jassa_falcata,abj,abj
Gammarus_fossarum,abj,abj
Gammarus_roeselii,abj,abj
Hyalella_azteca,abj,abj
Euphausia_superba,std,abj
Litopenaeus_stylirostris,abj,abj
Penaeus_japonicus,abj,abj
Fenneropenaeus_chinensis,abj,abj
Paratya_australiensis,abj,abj
Homarus_gammarus,abj,abj
Homarus_americanus,abj,abj
Pacifastacus_leniusculus,std,abj
Austropotamobius_torrentium,std,abj
Procambarus_clarkii,std,abj
Panulirus_versicolor,abj,std
Paralithodes_camtschaticus,abj,abj
Birgus_latro,abj,std
Cancer_pagurus,abj,abj
Charybdis_bimaculata,abj,abj
Portunus_trituberculatus,abj,abj
Folsomia_candida,abj,std
Orchesella_cincta,abj,abj
Lepisma_saccharina,abj,std
Locusta_migratoria,abp,abj
Extatosoma_tiaratum,abp,abj
Bemisia_tabaci,abp,abj
Acyrthosiphon_pisum,abp,abj
Nezara_viridula,sbp,std
Aedes_aegypti,hax,std
Culex_pipiens,hax,abj
Plodia_interpunctella,hex,abj
Bombyx_mori,hex,abj
Manduca_sexta,hex,abj
Spodoptera_frugiperda,hex,abj
Helicoverpa_armigera,hex,abj
Linepithema_humile,hex,abj
Ophiura_albida,abj,abj
Pisaster_ochraceus,abj,abj
Acanthaster_planci,abj,abj
Protoreaster_nodosus,abj,abj
Crossaster_papposus,abj,abj
Sterechinus_neumayeri,abj,abj
Mesocentrotus_franciscanus,abj,abj
Strongylocentrotus_droebachiensis,abj,abj
Strongylocentrotus_pallidus,abj,abj
Strongylocentrotus_purpuratus,abj,abj
Lytechinus_variegatus,abj,abj
Paracentrotus_lividus,abj,abj
Loxechinus_albus,abj,abj
Echinocardium_cordatum,abj,abj
Holothuria_scabra,abj,abj
Branchiostoma_floridae,abj,abj
Ascidiella_aspersa,std,abj
Ciona_intestinalis,std,abj
Botrylloides_violaceus,std,abj
Styela_plicata,std,abj
Myxine_glutinosa,std,stx
Geotria_australis,std,std
Mordacia_mordax,std,stx
Petromyzon_marinus,std,std
Ichthyomyzon_fossor,std,std
Ichthyomyzon_gagei,std,std
Entosphenus_tridentatus,std,std
Lethenteron_appendix,std,std
Lethenteron_camtschaticum,std,std
Lampetra_aepyptera,std,std
Lampetra_fluviatilis,std,std
Callorhinchus_capensis,std,std
Callorhinchus_milii,std,std
Chimaera_monstrosa,std,std
Chimaera_fulva,std,std
Rhinochimaera_pacifica,std,abj
Hemiscyllium_ocellatum,std,stx
Chiloscyllium_plagiosum,std,std
Stegostoma_fasciatum,std,std
Rhincodon_typus,std,std
Ginglymostoma_cirratum,stf,std
Galeus_melastomus,std,std
Scyliorhinus_canicula,std,std
Scyliorhinus_retifer,std,std
Mustelus_manazo,std,std
Mustelus_mustelus,std,std
Triakis_megalopterus,std,std
Triakis_semifasciata,std,std
Galeorhinus_galeus,std,std
Hemitriakis_japanica,std,std
Carcharhinus_acronotus,stf,std
Carcharhinus_albimarginatus,stf,stf
Carcharhinus_amblyrhynchos,stf,stf
Carcharhinus_brachyurus,stf,stf
Carcharhinus_brevipinna,stf,stf
Carcharhinus_falciformis,stf,stf
Carcharhinus_leucas,std,stf
Carcharhinus_longimanus,stf,stf
Carcharhinus_macloti,stf,stf
Carcharhinus_melanopterus,stf,stf
Carcharhinus_obscurus,stf,stf
Carcharhinus_plumbeus,stf,stf
Carcharhinus_sorrah,stf,stf
Galeocerdo_cuvier,std,stx
Rhizoprionodon_acutus,std,std
Prionace_glauca,stf,std
Negaprion_brevirostris,std,stf
Loxodon_macrorhinus,std,std
Scoliodon_laticaudus,std,std
Triaenodon_obesus,stf,std
Hemipristis_elongata,stf,std
Sphyrna_lewini,stf,stf
Sphyrna_mokarran,stf,stf
Sphyrna_tiburo,stf,std
Sphyrna_zygaena,stf,std
Eusphyra_blochii,stf,std
Carcharias_taurus,std,std
Lamna_ditropis,std,std
Lamna_nasus,std,std
Isurus_oxyrinchus,std,abj
Carcharodon_carcharias,std,std
Pseudocarcharias_kamoharai,std,std
Alopias_pelagicus,std,std
Alopias_superciliosus,std,std
Alopias_vulpinus,std,std
Cetorhinus_maximus,std,std
Mitsukurina_owstoni,std,std
Chlamydoselachus_anguineus,std,std
Heptranchias_perlo,std,std
Notorynchus_cepedianus,stf,std
Squalus_acanthias,std,std
Squalus_blainville,std,std
Squalus_montalbani,std,std
Somniosus_microcephalus,stf,stf
Somniosus_pacificus,stf,stf
Squatina_dumeril,std,std
Amblyraja_georgiana,std,std
Amblyraja_radiata,std,std
Beringraja_binoculata,std,std
Beringraja_pulchra,std,std
Beringraja_rhina,std,std
Beringraja_stellulata,std,std
Dipturus_batis,std,std
Dipturus_innominatus,std,std
Dipturus_kwangtungensis,std,std
Dipturus_oxyrinchus,std,std
Dipturus_trachyderma,std,std
Leucoraja_erinacea,std,std
Leucoraja_naevus,std,std
Okamejei_kenojei,std,std
Raja_asterias,std,std
Raja_brachyura,std,std
Raja_clavata,std,std
Raja_miraletus,std,std
Raja_polystigma,std,std
Raja_undulata,std,std
Zearaja_chilensis,std,std
Zearaja_nasuta,std,std
Bathyraja_albomaculata,std,std
Bathyraja_aleutica,std,std
Bathyraja_griseocauda,std,std
Bathyraja_interrupta,std,std
Bathyraja_maculata,std,std
Bathyraja_parmifera,std,std
Bathyraja_taranetzi,std,std
Atlantoraja_castelnaui,std,std
Torpedo_marmorata,std,std
Narcine_brasiliensis,std,std
Anoxypristis_cuspidata,std,std
Pristis_pectinata,std,std
Rhynchobatus_laevis,std,std
Acroteriobatus_annulatus,std,std
Zapteryx_exasperata,std,std
Dasyatis_pastinaca,std,std
Neotrygon_kuhlii,std,std
Pteroplatytrygon_violacea,std,std
Gymnura_altavela,std,std
Aetobatus_flagellum,std,std
Mobula_japanica,std,std
Rhinoptera_bonasus,std,std
Erpetoichthys_calabaricus,std,std
Polypterus_senegalus,std,stx
Polyodon_spathula,std,std
Acipenser_baerii,std,std
Acipenser_brevirostrum,std,std
Acipenser_dabryanus,std,std
Acipenser_fulvescens,std,std
Acipenser_gueldenstaedtii,std,std
Acipenser_medirostris,std,std
Acipenser_nudiventris,std,std
Acipenser_oxyrinchus,std,std
Acipenser_schrenckii,std,std
Acipenser_sinensis,std,std
Acipenser_stellatus,std,std
Acipenser_sturio,std,std
Acipenser_transmontanus,std,std
Huso_huso,std,std
Huso_dauricus,std,std
Scaphirhynchus_albus,std,std
Scaphirhynchus_suttkusi,std,std
Scaphirhynchus_platorynchus,std,std
Amia_calva,std,abj
Atractosteus_spatula,std,std
Lepisosteus_oculatus,std,std
Lepisosteus_osseus,std,std
Lepisosteus_platyrhincus,std,std
Elops_saurus,ssj,abj
Megalops_atlanticus,ssj,abj
Albula_vulpes,ssj,abj
Halosauropsis_macrochir,std,abj
Anguilla_anguilla,ssj,std
Anguilla_japonica,ssj,abj
Muraenesox_bagio,abj,abj
Muraenesox_cinereus,abj,abj
Gymnothorax_kidako,abj,abj
Hiodon_tergisus,std,abj
Hiodon_alosoides,std,abj
Osteoglossum_bicirrhosum,std,abj
Chitala_chitala,std,abj
Notopterus_notopterus,std,abj
Arapaima_gigas,std,stx
Heterotis_niloticus,std,stx
Coilia_mystus,abj,abj
Coilia_nasus,abj,abj
Setipinna_taty,abj,abj
Thryssa_mystax,abj,abj
Thryssa_setirostris,abj,abj
Anchoa_mitchilli,abj,abj
Anchoa_tricolor,abj,abj
Engraulis_encrasicolus,abj,abj
Engraulis_japonicus,abj,abj
Engraulis_mordax,abj,abj
Engraulis_ringens,abj,abj
Lycengraulis_grossidens,abj,abj
Stolephorus_commersonnii,abj,abj
Stolephorus_insularis,abj,abj
Stolephorus_waitei,abj,abj
Jenkinsia_lamprotaenia,abj,abj
Spratelloides_delicatulus,abj,abj
Spratelloides_gracilis,abj,abj
Ilisha_africana,abj,abj
Ilisha_elongata,abj,abj
Opisthopterus_tardoore,abj,abj
Clupea_harengus,abj,abj
Clupea_pallasii,abj,abj
Gudusia_chapra,abj,abj
Hyperlophus_vittatus,abj,abj
Potamalosa_richmondia,abj,abj
Sprattus_sprattus,abj,abj
Clupeichthys_aesarnensis,abj,std
Clupeonella_cultriventris,abj,abj
Alosa_aestivalis,abj,abj
Alosa_alabamae,abj,abj
Alosa_alosa,abj,abj
Alosa_mediocris,abj,abj
Alosa_sapidissima,abj,abj
Alosa_pseudoharengus,abj,abj
Brevoortia_tyrannus,abj,abj
Sardina_pilchardus,abj,abj
Sardinops_sagax,abj,abj
Limnothrissa_miodon,abj,abj
Stolothrissa_tanganicae,abj,abj
Anodontostoma_chacunda,abj,abj
Tenualosa_ilisha,abj,abj
Tenualosa_toli,abj,abj
Amblygaster_sirm,abj,abj
Clupanodon_thrissa,abj,abj
Dorosoma_cepedianum,abj,abj
Dorosoma_petenense,abj,abj
Escualosa_thoracata,abj,abj
Ethmalosa_fimbriata,abj,abj
Konosirus_punctatus,abj,abj
Opisthonema_oglinum,abj,abj
Sardinella_aurita,abj,abj
Sardinella_albella,abj,abj
Sardinella_brasiliensis,abj,abj
Sardinella_gibbosa,abj,abj
Sardinella_lemuru,abj,abj
Sardinella_longiceps,abj,abj
Sardinella_maderensis,abj,abj
Harengula_jaguana,abj,abj
Alepocephalus_bairdii,std,abj
Chanos_chanos,abj,abj
Cirrhinus_cirrhosus,abj,abj
Cirrhinus_mrigala,abj,abj
Labeo_bata,abj,abj
Labeo_calbasu,abj,abj
Labeo_catla,abj,abj
Labeo_rohita,abj,abj
Tor_putitora,abj,abj
Cyprinus_carpio,abj,abj
Carassius_auratus,abj,abj
Carassius_carassius,abj,abj
Carassius_gibelio,abj,abj
Barbus_barbus,abj,abj
Capoeta_gracilis,abj,abj
Luciobarbus_sclateri,abj,abj
Oxygymnocypris_stewartii,abj,abj
Schizothorax_dulongensis,abj,abj
Schizothorax_waltoni,abj,abj
Ptychobarbus_dipogon,abj,abj
Hemiculter_leucisculus,abj,abj
Danio_rerio,abj,abj
Hypophthalmichthys_molitrix,abj,abj
Hypophthalmichthys_nobilis,abj,abj
Ctenopharyngodon_idella,abj,abj
Tinca_tinca,abj,abj
Rhodeus_amarus,abj,abj
Abbottina_rivularis,abj,abj
Gobio_gobio,abj,abj
Phoxinus_phoxinus,abj,abj
Chrosomus_erythrogaster,abj,abj
Gila_coerulea,abj,abj
Gila_cypha,abj,abj
Gila_elegans,abj,abj
Gila_robusta,abj,abj
Ptychocheilus_lucius,abj,abj
Ptychocheilus_oregonensis,abj,abj
Siphateles_bicolor,abj,abj
Acrocheilus_alutaceus,abj,abj
Lavinia_exilicauda,abj,abj
Alburnus_alburnus,abj,abj
Notemigonus_crysoleucas,abj,abj
Abramis_brama,abj,abj
Iberochondrostoma_lemmingii,abj,abj
Pseudochondrostoma_polylepis,abj,abj
Rutilus_rutilus,abj,abj
Scardinius_erythrophthalmus,abj,abj
Squalius_cephalus,abj,abj
Meda_fulgida,abj,abj
Semotilus_atromaculatus,abj,abj
Rhynchocypris_oxycephalus,abj,abj
Mylocheilus_caurinus,abj,abj
Pogonichthys_macrolepidotus,abj,abj
Richardsonius_egregius,abj,abj
Exoglossum_maxillingua,abj,abj
Oregonichthys_crameri,abj,abj
Rhinichthys_atratulus,abj,abj
Rhinichthys_cataractae,abj,abj
Campostoma_anomalum,abj,abj
Blicca_bjoerkna,abj,abj
Cyprinella_lutrensis,abj,abj
Cyprinella_venusta,abj,abj
Dionda_diaboli,abj,abj
Hybognathus_amarus,abj,abj
Hybognathus_nuchalis,abj,abj
Hybognathus_placitus,abj,abj
Hybopsis_amnis,abj,abj
Luxilus_chrysocephalus,abj,abj
Luxilus_cornutus,abj,abj
Luxilus_pilsbryi,abj,abj
Lythrurus_umbratilis,abj,abj
Macrhybopsis_hyostoma,abj,abj
Macrhybopsis_meeki,abj,abj
Macrhybopsis_storeriana,abj,abj
Notropis_atherinoides,abj,abj
Notropis_bifrenatus,abj,abj
Notropis_boops,abj,abj
Notropis_buccula,abj,abj
Notropis_buccatus,abj,abj
Notropis_chalybaeus,abj,abj
Notropis_chrosomus,abj,abj
Notropis_girardi,abj,abj
Notropis_heterolepis,abj,abj
Notropis_hudsonius,abj,abj
Notropis_jemezanus,abj,abj
Notropis_maculatus,abj,abj
Notropis_oxyrhynchus,abj,abj
Notropis_stramineus,abj,abj
Notropis_texanus,abj,abj
Notropis_volucellus,abj,abj
Opsopoeodus_emiliae,abj,abj
Phenacobius_mirabilis,abj,abj
Pimephales_notatus,abj,abj
Pimephales_promelas,abj,abj
Platygobio_gracilis,abj,abj
Catostomus_catostomus,abj,abj
Catostomus_columbianus,abj,abj
Catostomus_commersonii,abj,abj
Catostomus_latipinnis,abj,abj
Catostomus_macrocheilus,abj,abj
Catostomus_microps,abj,abj
Catostomus_rimiculus,abj,abj
Catostomus_tahoensis,abj,abj
Catostomus_warnerensis,abj,abj
Chasmistes_brevirostris,abj,abj
Deltistes_luxatus,abj,abj
Xyrauchen_texanus,abj,abj
Erimyzon_oblongus,abj,abj
Minytrema_melanops,abj,abj
Hypentelium_nigricans,abj,abj
Thoburnia_rhothoeca,abj,abj
Moxostoma_congestum,abj,abj
Moxostoma_duquesnii,abj,abj
Moxostoma_erythrurum,abj,abj
Moxostoma_poecilurum,abj,abj
Cycleptus_elongatus,abj,abj
Carpiodes_carpio,abj,abj
Carpiodes_cyprinus,abj,abj
Ictiobus_cyprinellus,abj,abj
Ictiobus_bubalus,abj,abj
Barbatula_barbatula,abj,abj
Hedinichthys_yarkandensis,abj,abj
Triplophysa_anterodorsalis,abj,abj
Triplophysa_rosa,abj,abj
Hoplias_malabaricus,abj,abj
Piaractus_brachypomus,abj,abj
Piaractus_mesopotamicus,abj,abj
Pygocentrus_nattereri,abj,std
Prochilodus_lineatus,abj,abj
Megaleporinus_obtusidens,abj,abj
Salminus_brasiliensis,abj,abj
Paracheirodon_innesi,abj,abj
Corydoras_aeneus,abj,std
Pterygoplichthys_disjunctivus,abj,abj
Liobagrus_marginatus,abj,abj
Horabagrus_brachysoma,abj,abj
Bagarius_yarrelli,abj,abj
Creteuchiloglanis_macropterus,abj,abj
Euchiloglanis_kishinouyei,abj,abj
Glyptosternon_maculatum,abj,abj
Glyptothorax_fokiensis,abj,abj
Glyptothorax_macromaculatus,abj,abj
Synodontis_clarias,abj,abj
Malapterurus_electricus,abj,abj
Silurus_glanis,abj,abj
Wallago_attu,abj,abj
Clarias_gariepinus,abj,abj
Plotosus_lineatus,abj,stx
Tandanus_tandanus,abj,abj
Heteropneustes_fossilis,abj,abj
Ailia_coila,abj,abj
Genidens_barbus,abj,abj
Netuma_thalassina,abj,abj
Austroglanis_gilli,abj,abj
Pseudobagrus_vachellii,abj,abj
Rita_rita,abj,abj
Chrysichthys_nigrodigitatus,abj,abj
Pangasianodon_hypophthalmus,abj,abj
Pseudoplatystoma_corruscans,abj,abj
Pseudoplatystoma_reticulatum,abj,abj
Sorubim_lima,abj,abj
Lophiosilurus_alexandri,abj,abj
Cranoglanis_bouderius,abj,abj
Ictalurus_furcatus,abj,abj
Ictalurus_punctatus,abj,abj
Pylodictis_olivaris,abj,abj
Ameiurus_melas,abj,abj
Ameiurus_natalis,abj,abj
Ameiurus_nebulosus,abj,abj
Noturus_albater,abj,abj
Noturus_exilis,abj,abj
Noturus_gyrinus,abj,abj
Glossanodon_semifasciatus,abj,abj
Galaxias_maculatus,abj,abj
Coregonus_artedi,abj,abj
Coregonus_autumnalis,abj,abj
Coregonus_clupeaformis,abj,abj
Coregonus_lavaretus,abj,abj
Coregonus_nasus,abj,abj
Prosopium_cylindraceum,std,abj
Prosopium_williamsoni,std,abj
Stenodus_leucichthys,abj,abj
Thymallus_arcticus,abj,abj
Thymallus_thymallus,abj,abj
Thymallus_tugarinae,abj,abj
Oncorhynchus_gilae,abj,abj
Oncorhynchus_gorbuscha,abj,abj
Oncorhynchus_keta,abj,abj
Oncorhynchus_kisutch,abj,abj
Oncorhynchus_mykiss,abj,abj
Oncorhynchus_nerka,abj,abj
Oncorhynchus_tshawytscha,abj,abj
Salmo_trutta,abj,abj
Salmo_salar,abj,abj
Salvelinus_alpinus,abj,abj
Salvelinus_curilus,abj,abj
Salvelinus_fontinalis,abj,abj
Salvelinus_leucomaenis,abj,abj
Salvelinus_malma,abj,abj
Salvelinus_namaycush,abj,abj
Esox_lucius,std,abj
Dallia_pectoralis,std,abj
Umbra_limi,std,abj
Umbra_pygmaea,std,std
Hypomesus_nipponensis,std,std
Hypomesus_olidus,std,std
Osmerus_eperlanus,std,abj
Spirinchus_thaleichthys,std,abj
Thaleichthys_pacificus,std,abj
Retropinna_semoni,std,abj
Saurida_undosquamis,abj,abj
Chlorophthalmus_agassizi,abj,abj
Notoscopelus_resplendens,abj,abj
Triphoturus_mexicanus,abj,abj
Benthosema_pterotum,abj,std
Electrona_carlsbergi,abj,abj
Myctophum_affine,abj,abj
Lampris_guttatus,std,abj
Percopsis_omiscomaycus,std,abj
Percopsis_transmontana,std,abj
Aphredoderus_sayanus,std,abj
Allocyttus_niger,std,abj
Zeus_faber,std,std
Arctogadus_glacialis,abj,abj
Boreogadus_saida,abj,abj
Eleginus_gracilis,abj,abj
Gadus_chalcogrammus,abj,abj
Gadus_macrocephalus,abj,abj
Gadus_morhua,abj,abj
Micromesistius_poutassou,abj,abj
Melanogrammus_aeglefinus,abj,abj
Merlangius_merlangus,abj,abj
Pollachius_pollachius,abj,abj
Pollachius_virens,abj,abj
Brosme_brosme,abj,abj
Lota_lota,abj,abj
Molva_dypterygia,abj,abj
Coryphaenoides_armatus,abj,abj
Coelorinchus_caelorhincus,abj,stx
Merluccius_hubbsi,abj,abj
Merluccius_senegalensis,abj,abj
Beryx_decadactylus,std,abj
Beryx_splendens,std,abj
Sargocentron_diadema,std,abj
Carapus_bermudensis,ssj,abj
Kurtus_gulliveri,abj,std
Eleotris_oxycephala,std,abj
Lesueurigobius_friesii,std,abj
Neogobius_melanostomus,std,abj
Pomatoschistus_minutus,std,abj
Rhinogobius_brunneus,std,abj
Perccottus_glenii,std,abj
Boleophthalmus_pectinirostris,std,abj
Gymnogobius_urotaenia,std,abj
Parapocryptes_serperaster,std,abj
Taenioides_cirratus,abj,abj
Tridentiger_bifasciatus,abj,abj
Hippocampus_erectus,abj,abj
Hippocampus_hippocampus,abj,abj
Hippocampus_kuda,abj,abj
Hippocampus_reidi,abj,abj
Hippocampus_zosterae,abj,abj
Phyllopteryx_taeniolatus,abj,abj
Syngnathoides_biaculeatus,abj,std
Macroramphosus_scolopax,std,abj
Fistularia_commersonii,abj,abj
Mullus_surmuletus,std,abj
Parupeneus_multifasciatus,std,abj
Upeneus_sulphureus,std,abj
Upeneus_tragula,std,abj
Promethichthys_prometheus,abj,abj
Scomber_australasicus,abj,abj
Scomber_colias,abj,abj
Scomber_japonicus,abj,abj
Scomber_scombrus,abj,abj
Acanthocybium_solandri,abj,abj
Scomberomorus_cavalla,abj,abj
Scomberomorus_sierra,abj,abj
Gymnosarda_unicolor,abj,abj
Sarda_orientalis,abj,abj
Sarda_sarda,abj,abj
Auxis_rochei,abj,abj
Auxis_thazard,abj,abj
Euthynnus_alletteratus,abj,abj
Katsuwonus_pelamis,abj,abj
Thunnus_alalunga,abj,abj
Thunnus_albacares,abj,abj
Thunnus_atlanticus,abj,abj
Thunnus_maccoyii,abj,abj
Thunnus_obesus,abj,abj
Thunnus_orientalis,abj,abj
Thunnus_thynnus,abj,abj
Thunnus_tonggol,abj,abj
Aphanopus_carbo,abj,abj
Trichiurus_nanhaiensis,abj,abj
Trichiurus_lepturus,abj,abj
Trichiurus_nanhaiensis,abj,abj
Trichiurus_lepturus,abj,abj
Ariomma_indica,abj,abj
Pampus_argenteus,std,abj
Peprilus_triacanthus,std,abj
Arripis_trutta,abj,abj
Pomatomus_saltatrix,abj,abj
Mastacembelus_erythrotaenia,std,abj
Monopterus_albus,std,abj
Anabas_testudineus,abj,abj
Channa_argus,abj,abj
Channa_marulius,std,abj
Channa_punctata,std,abj
Channa_striata,std,abj
Betta_splendens,abj,abj
Osphronemus_goramy,abj,abj
Eleutheronema_tetradactylum,abj,abj
Coryphaena_equiselis,abj,abj
Alepes_djedaba,abj,abj
Alepes_kleinii,abj,abj
Atule_mate,abj,abj
Caranx_ignobilis,abj,abj
Decapterus_macrosoma,abj,abj
Decapterus_maruadsi,abj,abj
Megalaspis_cordyla,abj,abj
Selar_crumenophthalmus,abj,abj
Selaroides_leptolepis,abj,abj
Trachurus_japonicus,abj,abj
Trachurus_symmetricus,abj,abj
Trachurus_trachurus,abj,abj
Naucrates_ductor,abj,abj
Seriola_dumerili,abj,abj
Seriola_lalandi,abj,abj
Seriola_quinqueradiata,abj,abj
Echeneis_naucrates,abj,abj
Lactarius_lactarius,abj,abj
Mene_maculata,abj,abj
Rachycentron_canadum,abj,abj
Sphyraena_barracuda,abj,abj
Sphyraena_jello,abj,abj
Sphyraena_sphyraena,abj,abj
Xiphias_gladius,abj,abj
Istiompax_indica,abj,abj
Istiophorus_albicans,abj,abj
Istiophorus_platypterus,abj,abj
Kajikia_audax,abj,abj
Makaira_nigricans,abj,abj
Tetrapturus_pfluegeri,abj,abj
Lates_calcarifer,abj,abj
Lates_niloticus,abj,abj
Psettodes_erumei,abj,abj
Paralichthys_dentatus,abj,abj
Paralichthys_lethostigma,abj,abj
Paralichthys_olivaceus,abj,abj
Hippoglossus_hippoglossus,abj,abj
Hippoglossus_stenolepis,abj,abj
Reinhardtius_hippoglossoides,abj,abj
Hippoglossoides_dubius,abj,abj
Hippoglossoides_elassodon,abj,abj
Atheresthes_evermanni,abj,abj
Atheresthes_stomias,abj,abj
Cleisthenes_herzensteini,abj,abj
Eopsetta_jordani,abj,abj
Liopsetta_glacialis,abj,abj
Glyptocephalus_stelleri,abj,abj
Microstomus_achne,abj,abj
Microstomus_pacificus,abj,abj
Lepidopsetta_polyxystra,abj,abj
Lepidopsetta_bilineata,abj,abj
Parophrys_vetulus,abj,abj
Pleuronichthys_cornutus,abj,abj
Platichthys_bicoloratus,abj,abj
Platichthys_stellatus,abj,abj
Pseudopleuronectes_americanus,abj,abj
Pseudopleuronectes_herzensteini,abj,abj
Pseudopleuronectes_yokohamae,abj,abj
Verasper_moseri,abj,abj
Verasper_variegatus,abj,abj
Colistium_nudipinnis,abj,abj
Scophthalmus_maximus,abj,abj
Trinectes_maculatus,abj,abj
Cynoglossus_abbreviatus,abj,std
Cynoglossus_senegalensis,abj,std
Cynoglossus_zanzibarensis,abj,abj
Symphurus_plagiusa,abj,abj
Brachirus_orientalis,abj,std
Heteromycteris_japonicus,abj,abj
Solea_senegalensis,abj,abj
Ambassis_agassizii,std,abj
Ambassis_gymnocephalus,std,abj
Abudefduf_vaigiensis,abj,abj
Aldrichetta_forsteri,std,abj
Chelon_labrosus,std,abj
Mugil_cephalus,std,abj
Mugil_curema,std,abj
Oedalechilus_labeo,std,abj
Amphilophus_citrinellus,std,abj
Pterophyllum_scalare,std,abj
Cichla_temensis,abj,abj
Coptodon_zillii,std,abj
Oreochromis_aureus,std,std
Oreochromis_macrochir,std,std
Oreochromis_mossambicus,std,std
Oreochromis_niloticus,std,abj
Sarotherodon_galilaeus,std,std
Atherinomorus_lacunosus,abj,abj
Leuresthes_tenuis,abj,abj
Menidia_menidia,abj,abj
Melanotaenia_boesemani,abj,abj
Melanotaenia_fluviatilis,abj,abj
Oryzias_latipes,abj,abj
Ablennes_hians,abj,abj
Tylosurus_crocodilus,abj,abj
Cololabis_saira,std,abj
Cheilopogon_atrisignis,abj,abj
Cheilopogon_unicolor,abj,abj
Nothobranchius_furzeri,std,std
Fundulopanchax_gardneri,std,std
Kryptolebias_marmoratus,std,abj
Millerichthys_robustus,abj,abj
Fundulus_catenatus,abj,abj
Fundulus_diaphanus,abj,std
Fundulus_dispar,abj,abj
Fundulus_grandis,abj,abj
Fundulus_heteroclitus,abj,abj
Fundulus_luciae,abj,abj
Fundulus_notatus,abj,abj
Aphanius_iberus,std,abj
Cyprinodon_bovinus,abj,abj
Cyprinodon_diabolis,abj,abj
Cyprinodon_macularius,abj,abj
Cyprinodon_variegatus,abj,abj
Jordanella_floridae,abj,abj
Gambusia_affinis,abj,abj
Gambusia_holbrooki,abj,abj
Poecilia_latipinna,std,abj
Poecilia_reticulata,std,std
Xiphophorus_helleri,std,abj
Xiphophorus_maculatus,std,abj
Eucinostomus_gula,abj,abj
Gerres_oyena,abj,abj
Ammodytes_hexapterus,abj,abj
Centrolabrus_exoletus,abj,abj
Ctenolabrus_rupestris,abj,abj
Xyrichtys_novacula,abj,abj
Lateolabrax_japonicus,abj,abj
Dicentrarchus_labrax,abj,abj
Dicentrarchus_punctatus,abj,abj
Morone_americana,abj,abj
Morone_saxatilis,abj,abj
Chaetodipterus_faber,abj,abj
Platax_orbicularis,abj,abj
Argyrosomus_japonicus,abj,abj
Atrobucca_nibe,abj,abj
Cynoscion_jamaicensis,abj,abj
Cynoscion_leiarchus,abj,abj
Larimichthys_polyactis,abj,abj
Micropogonias_furnieri,abj,abj
Micropogonias_undulatus,abj,abj
Protonibea_diacanthus,abj,abj
Pseudotolithus_elongatus,abj,abj
Sciaenops_ocellatus,abj,abj
Totoaba_macdonaldi,abj,abj
Acanthurus_triostegus,abj,abj
Zebrasoma_scopas,abj,abj
Naso_brevirostris,abj,abj
Naso_hexacanthus,abj,abj
Emmelichthys_nitidus,abj,abj
Plagiogeneion_rubiginosum,abj,abj
Branchiostegus_japonicus,abj,abj
Deveximentum_ruconius,abj,abj
Gazza_minuta,abj,abj
Pomacanthus_imperator,abj,abj
Conodon_nobilis,abj,abj
Parapristipoma_trilineatum,abj,abj
Pomadasys_kaakan,abj,abj
Lutjanus_analis,abj,abj
Lutjanus_carponotatus,abj,abj
Lutjanus_erythropterus,abj,abj
Lutjanus_fulviflamma,abj,abj
Lutjanus_kasmira,abj,abj
Lutjanus_malabaricus,abj,abj
Lutjanus_sebae,abj,abj
Lutjanus_synagris,abj,abj
Lutjanus_vitta,abj,abj
Ocyurus_chrysurus,abj,abj
Rhomboplites_aurorubens,abj,abj
Lobotes_surinamensis,abj,abj
Nemipterus_bathybius,abj,abj
Nemipterus_hexodon,abj,abj
Nemipterus_japonicus,abj,abj
Nemipterus_randalli,abj,abj
Sillago_aeolus,abj,abj
Sillago_japonica,abj,abj
Sillago_sihama,abj,abj
Spicara_maena,abj,abj
Dentex_dentex,abj,abj
Pagellus_acarne,abj,abj
Pagellus_bogaraveo,abj,abj
Pagellus_erythrinus,abj,abj
Acanthopagrus_schlegelii,abj,abj
Diplodus_sargus,abj,abj
Diplodus_cervinus,abj,abj
Evynnis_tumifrons,abj,abj
Pagrus_auriga,abj,abj
Pagrus_major,abj,abj
Pagrus_pagrus,abj,abj
Parargyrops_edita,abj,abj
Rhabdosargus_sarba,abj,abj
Sparus_aurata,abj,abj
Siganus_argenteus,abj,abj
Priacanthus_macracanthus,abj,abj
Priacanthus_tayenus,abj,abj
Capros_aper,abj,abj
Lophiomus_setigerus,abj,abj
Lophius_americanus,abj,abj
Lophius_litulon,abj,abj
Lophius_piscatorius,abj,abj
Balistes_vetula,std,abj
Stephanolepis_hispidus,std,abj
Mola_mola,std,abj
Masturus_lanceolatus,std,abj
Doederleinia_berycoides,abj,abj
Pempheris_schwenkii,abj,abj
Pentaceros_richardsoni,abj,abj
Polyprion_americanus,abj,abj
Scombrops_boops,abj,abj
Scombrops_gilberti,abj,abj
Centrarchus_macropterus,abj,abj
Pomoxis_annularis,abj,abj
Pomoxis_nigromaculatus,abj,abj
Archoplites_interruptus,abj,abj
Ambloplites_rupestris,abj,abj
Micropterus_dolomieu,abj,abj
Micropterus_punctulatus,abj,abj
Micropterus_salmoides,abj,abj
Lepomis_auritus,abj,abj
Lepomis_gibbosus,abj,abj
Lepomis_gulosus,abj,abj
Lepomis_humilis,abj,abj
Lepomis_macrochirus,abj,abj
Lepomis_megalotis,abj,abj
Lepomis_microlophus,abj,abj
Lepomis_symmetricus,abj,abj
Paracirrhites_arcatus,abj,abj
Elassoma_zonatum,abj,abj
Girella_punctata,abj,abj
Scorpis_lineolata,abj,abj
Bostockia_porosa,abj,abj
Maccullochella_ikei,abj,abj
Maccullochella_peelii,abj,abj
Macquaria_ambigua,abj,abj
Macquaria_novemaculeata,abj,abj
Nannoperca_vittata,abj,abj
Siniperca_chuatsi,abj,abj
Siniperca_knerii,abj,abj
Terapon_jarbua,abj,abj
Cephalopholis_fulva,abj,abj
Epinephelus_areolatus,abj,abj
Epinephelus_marginatus,abj,abj
Epinephelus_morio,abj,abj
Hyporthodus_niveatus,abj,abj
Hyporthodus_octofasciatus,abj,abj
Serranus_scriba,abj,abj
Percina_macrolepida,abj,abj
Percina_maculata,abj,abj
Percina_peltata,abj,abj
Percina_sciera,abj,abj
Percina_shumardi,abj,abj
Crystallaria_asprella,abj,abj
Etheostoma_blennioides,abj,abj
Etheostoma_caeruleum,abj,abj
Etheostoma_flabellare,abj,abj
Etheostoma_gracile,abj,abj
Etheostoma_microperca,abj,abj
Etheostoma_olmstedi,abj,abj
Etheostoma_radiosum,abj,abj
Etheostoma_spectabile,abj,abj
Etheostoma_trisella,abj,abj
Sander_canadensis,abj,abj
Sander_lucioperca,abj,abj
Sander_vitreus,abj,abj
Gymnocephalus_cernuus,abj,abj
Perca_flavescens,abj,abj
Perca_fluviatilis,abj,abj
Percilia_irwini,abj,abj
Echiichthys_vipera,abj,abj
Dolloidraco_longedorsalis,abj,abj
Neodraco_skottsbergi,abj,abj
Gerlachea_australis,abj,abj
Chaenocephalus_aceratus,abj,abj
Chaenodraco_wilsoni,abj,abj
Champsocephalus_gunnari,abj,abj
Chionobathyscus_dewitti,abj,abj
Chionodraco_hamatus,abj,abj
Chionodraco_myersi,abj,abj
Chionodraco_rastrospinosus,abj,abj
Cryodraco_antarcticus,abj,abj
Pseudochaenichthys_georgianus,abj,abj
Eleginops_maclovinus,abj,abj
Aethotaxis_mitopteryx,abj,abj
Dissostichus_eleginoides,abj,abj
Pleuragramma_antarcticum,abj,abj
Gobionotothen_gibberifrons,abj,abj
Lindbergichthys_nudifrons,abj,abj
Notothenia_coriiceps,abj,abj
Notothenia_rossii,abj,abj
Pagothenia_borchgrevinki,abj,abj
Trematomus_bernacchii,abj,abj
Trematomus_eulepidotus,abj,abj
Trematomus_hansoni,abj,abj
Trematomus_loennbergii,abj,abj
Trematomus_newnesi,abj,abj
Trematomus_nicolai,abj,abj
Platycephalus_indicus,abj,abj
Prionotus_carolinus,abj,abj
Prionotus_evolans,abj,abj
Chelidonichthys_kumu,abj,abj
Sebastes_aleutianus,abj,abj
Sebastes_alutus,abj,abj
Sebastes_auriculatus,abj,abj
Sebastes_babcocki,abj,abj
Sebastes_brevispinis,abj,abj
Sebastes_caurinus,abj,abj
Sebastes_ciliatus,abj,abj
Sebastes_constellatus,abj,abj
Sebastes_crameri,abj,abj
Sebastes_diploproa,abj,abj
Sebastes_elongatus,abj,abj
Sebastes_emphaeus,abj,abj
Sebastes_entomelas,abj,abj
Sebastes_fasciatus,abj,abj
Sebastes_flavidus,abj,abj
Sebastes_goodei,abj,abj
Sebastes_inermis,abj,abj
Sebastes_jordani,abj,abj
Sebastes_koreanus,abj,abj
Sebastes_maliger,abj,abj
Sebastes_melanops,abj,abj
Sebastes_melanostomus,abj,abj
Sebastes_miniatus,abj,abj
Sebastes_minor,abj,abj
Sebastes_mystinus,abj,abj
Sebastes_nebulosus,abj,abj
Sebastes_norvegicus,abj,abj
Sebastes_owstoni,abj,abj
Sebastes_paucispinis,abj,abj
Sebastes_pinniger,abj,abj
Sebastes_polyspinis,abj,abj
Sebastes_proriger,abj,abj
Sebastes_reedi,abj,abj
Sebastes_rosaceus,abj,abj
Sebastes_rosenblatti,abj,abj
Sebastes_ruberrimus,abj,abj
Sebastes_saxicola,abj,abj
Sebastes_schlegelii,abj,abj
Sebastes_taczanowskii,abj,abj
Sebastes_thompsoni,abj,abj
Sebastes_variabilis,abj,abj
Sebastes_variegatus,abj,abj
Sebastes_viviparus,abj,abj
Sebastes_vulpes,abj,abj
Sebastes_wilsoni,abj,abj
Sebastes_zacentrus,abj,abj
Sebastolobus_alascanus,abj,abj
Pterois_volitans,abj,abj
Inimicus_japonicus,abj,abj
Anoplopoma_fimbria,abj,abj
Erilepis_zonifer,abj,abj
Anarhichas_denticulatus,abj,abj
Anarhichas_lupus,abj,abj
Anarhichas_minor,abj,abj
Zoarces_americanus,abj,abj
Zoarces_viviparus,abj,abj
Lycodes_raridens,abj,abj
Leptoclinus_maculatus,abj,abj
Stichaeus_grigorjewi,abj,abj
Stichaeus_punctatus,abj,abj
Pholis_fangi,abj,abj
Pholis_gunnellus,abj,abj
Gasterosteus_aculeatus,std,abj
Pungitius_pungitius,std,abj
Culaea_inconstans,std,std
Apeltes_quadracus,std,abj
Hypoptychus_dybowskii,abj,abj
Hexagrammos_agrammus,abj,abj
Hexagrammos_stelleri,abj,abj
Cyclopterus_lumpus,abj,abj
Myoxocephalus_scorpius,abj,abj
Cottus_aleuticus,abj,abj
Cottus_bairdii,abj,abj
Cottus_beldingii,abj,abj
Cottus_cognatus,abj,abj
Cottus_confusus,abj,abj
Cottus_hangiongensis,abj,abj
Cottus_klamathensis,abj,abj
Cottus_pitensis,abj,abj
Cottus_volki,abj,abj
Gymnocanthus_herzensteini,abj,abj
Gymnocanthus_detrisus,abj,abj
Gymnocanthus_pistilliger,abj,abj
Gymnocanthus_intermedius,abj,abj
Hemilepidotus_jordani,abj,abj
Blepsias_cirrhosus,abj,abj
Latimeria_chalumnae,std,abj
Neoceratodus_forsteri,std,std
Protopterus_aethiopicus,std,abj
Boulengerula_taitana,std,stx
Typhlonectes_natans,std,abj
Dermophis_mexicanus,std,std
Siphonops_annulatus,std,std
Andrias_japonicus,std,std
Andrias_davidianus,std,std
Hynobius_kimurae,std,std
Hynobius_nebulosus,std,std
Hynobius_quelpaertensis,std,std
Hynobius_yangi,std,std
Pachyhynobius_shangchengensis,std,std
Ranodon_sibiricus,std,std
Salamandrella_keyserlingii,std,stx
Batrachoseps_attenuatus,std,abj
Eurycea_bislineata,std,std
Gyrinophilus_palleucus,std,std
Aneides_flavipunctatus,std,abj
Desmognathus_fuscus,std,stx
Ensatina_eschscholtzii,std,std
Phaeognathus_hubrichti,std,stx
Rhyacotriton_variegatus,std,std
Ambystoma_mexicanum,std,abj
Lyciasalamandra_atifi,std,abj
Echinotriton_andersoni,std,abj
Tylototriton_verrucosus,std,abj
Triturus_cristatus,std,std
Triturus_dobrogicus,std,std
Triturus_karelinii,std,abj
Triturus_marmoratus,std,std
Paramesotriton_hongkongensis,std,std
Proteus_anguinus,std,std
Alytes_obstetricans,std,abj
Bombina_bombina,std,abj
Bombina_maxima,std,abj
Bombina_orientalis,std,std
Bombina_variegata,std,abj
Fejervarya_limnocharis,std,std
Fejervarya_multistriata,std,std
Hoplobatrachus_tigerinus,std,std
Xenopus_laevis,std,std
Pelobates_cultripes,std,abj
Pelobates_fuscus,std,std
Hyla_annectans,std,std
Anaxyrus_americanus,std,std
Bufo_gargarizans,std,std
Bufo_japonicus,std,std
Bufotes_zamdaensis,std,abj
Duttaphrynus_melanostictus,std,abj
Strauchbufo_raddei,std,abj
Leptodactylus_fallax,std,std
Microhyla_ornata,std,std
Pyxicephalus_adspersus,std,std
Euphlyctis_hexadactylus,std,std
Nanorana_parkeri,std,abj
Nanorana_taihangnica,std,abj
Zhangixalus_omeimontis,std,abj
Amolops_mantzorum,std,std
Hylarana_guentheri,std,abj
Lithobates_catesbeianus,std,std
Odorrana_grahami,std,abj
Odorrana_margaretae,std,abj
Pelophylax_bedriagae,std,std
Pelophylax_chosenicus,std,std
Pelophylax_epeiroticus,std,abj
Pelophylax_nigromaculatus,std,std
Rana_temporaria,std,std
Sphenodon_punctatus,std,std
Coleonyx_variegatus,std,std
Eublepharis_macularius,std,std
Cyrtopodion_scabrum,std,std
Gekko_hokouensis,std,std
Gekko_gecko,std,abj
Heteronotia_binoei,std,std
Plestiodon_chinensis,stf,std
Plestiodon_egregius,stf,abj
Aspidoscelis_exsanguis,std,std
Aspidoscelis_marmorata,std,std
Aspidoscelis_sexlineatus,stf,std
Gallotia_atlantica,std,abj
Acanthodactylus_boskianus,std,std
Acanthodactylus_erythrurus,std,std
Eremias_multiocellata,std,std
Darevskia_armeniaca,std,std
Darevskia_clarkorum,std,std
Darevskia_derjugini,std,std
Darevskia_parvula,std,std
Darevskia_raddei,std,std
Darevskia_rudis,std,std
Darevskia_valentini,std,std
Lacerta_agilis,std,std
Podarcis_muralis,std,abj
Podarcis_siculus,std,std
Heloderma_suspectum,std,std
Anguis_fragilis,std,abj
Chamaeleo_calyptratus,std,std
Calotes_versicolor,std,std
Basiliscus_vittatus,stf,stx
Cyclura_pinguis,std,std
Iguana_iguana,std,stx
Gambelia_wislizenii,std,std
Sceloporus_occidentalis,std,abj
Uta_stansburiana,std,std
Boa_constrictor,std,std
Python_regius,std,std
Python_molurus,std,std
Vipera_berus,std,std
Daboia_russelii,std,abj
Agkistrodon_piscivorus,std,std
Sistrurus_catenatus,std,std
Nerodia_sipedon,std,std
Coluber_constrictor,std,std
Orthriophis_taeniurus,std,std
Emydocephalus_ijimae,std,std
Micrurus_fulvius,std,abj
Pelomedusa_subrufa,std,std
Chelus_fimbriata,std,std
Chelodina_oblonga,std,std
Elseya_albagula,std,std
Elseya_dentata,std,std
Elusor_macrurus,std,std
Emydura_macquarii,std,std
Emydura_victoriae,std,std
Myuchelys_bellii,std,std
Pseudemydura_umbrina,std,std
Carettochelys_insculpta,std,std
Apalone_spinifera,std,stx
Pelodiscus_sinensis,std,std
Trionyx_triunguis,std,std
Chelydra_serpentina,std,std
Macrochelys_temminckii,std,std
Lepidochelys_olivacea,std,std
Natator_depressus,std,std
Chelonia_mydas,std,std
Eretmochelys_imbricata,std,std
Platysternon_megacephalum,std,std
Terrapene_carolina,std,std
Chrysemys_picta,std,std
Graptemys_ouachitensis,std,std
Malaclemys_terrapin,std,std
Pseudemys_concinna,std,std
Pseudemys_peninsularis,std,std
Trachemys_scripta,std,std
Aldabrachelys_gigantea,std,std
Geochelone_elegans,std,std
Malacochersus_tornieri,std,std
Stigmochelys_pardalis,std,std
Testudo_graeca,std,std
Mauremys_japonica,std,std
Mauremys_rivulata,std,std
Mauremys_sinensis,std,std
Alligator_mississippiensis,std,std
Caiman_crocodilus,std,std
Paleosuchus_palpebrosus,std,std
Paleosuchus_trigonatus,std,std
Gavialis_gangeticus,std,std
Tomistoma_schlegelii,std,std
Crocodylus_johnsoni,std,std
Crocodylus_mindorensis,std,std
Crocodylus_porosus,std,std
Crocodylus_siamensis,std,std
Crocodylus_palustris,std,std
Crocodylus_niloticus,std,std
Crocodylus_moreletii,std,std
Crocodylus_rhombifer,std,std
Crocodylus_intermedius,std,std
Crocodylus_acutus,std,std
Mecistops_cataphractus,std,std
Osteolaemus_tetraspis,std,std
Struthio_camelus,std,std
Rhea_americana,std,std
Dromaius_novaehollandiae,std,std
Casuarius_casuarius,std,std
Alectura_lathami,std,std
Numida_meleagris,std,std
Callipepla_squamata,std,std
Colinus_virginianus,std,std
Lagopus_lagopus,std,std
Lagopus_muta,std,std
Meleagris_gallopavo,std,std
Tetrastes_bonasia,std,std
Perdix_perdix,std,std
Phasianus_colchicus,std,std
Pavo_cristatus,std,std
Gallus_gallus,std,std
Alectoris_chukar,std,std
Coturnix_japonica,std,std
Tetraogallus_himalayensis,std,std
Clangula_hyemalis,std,std
Mergus_merganser,std,std
Anas_acuta,std,std
Anas_platyrhynchos,std,std
Mareca_americana,std,std
Mareca_strepera,std,std
Cygnus_cygnus,std,std
Cygnus_olor,std,std
Anser_anser,std,std
Branta_canadensis,std,std
Aythya_fuligula,std,std
Aythya_americana,std,std
Aix_galericulata,std,std
Phoenicopterus_roseus,std,std
Phoenicopterus_ruber,std,std
Zenaida_macroura,std,std
Streptopelia_decaocto,std,std
Columba_livia,std,std
Caloenas_nicobarica,std,std
Hemiphaga_novaeseelandiae,std,std
Geococcyx_californianus,std,std
Ardeotis_kori,std,std
Otis_tarda,std,std
Psophia_crepitans,std,std
Grus_japonensis,std,std
Grus_monacha,std,std
Grus_americana,std,std
Grus_virgo,std,std
Antigone_antigone,std,std
Antigone_vipio,std,std
Antigone_canadensis,std,std
Antigone_rubicunda,std,std
Leucogeranus_leucogeranus,std,std
Gallinula_chloropus,std,std
Jacana_spinosa,std,std
Numenius_phaeopus,std,std
Limosa_haemastica,std,std
Arenaria_interpres,std,std
Arenaria_melanocephala,std,std
Calidris_alpina,std,std
Philomachus_pugnax,std,std
Gallinago_delicata,std,std
Gallinago_gallinago,std,std
Tringa_totanus,std,std
Pinguinus_impennis,std,std
Aethia_cristatella,std,std
Onychoprion_fuscatus,std,std
Sterna_hirundo,std,std
Sterna_paradisaea,std,std
Gelochelidon_nilotica,std,std
Sternula_albifrons,std,std
Chroicocephalus_ridibundus,std,std
Larus_crassirostris,std,std
Larus_dominicanus,std,std
Rissa_tridactyla,std,std
Stercorarius_longicaudus,std,std
Stercorarius_parasiticus,std,std
Stercorarius_pomarinus,std,std
Stercorarius_skua,std,std
Stercorarius_maccormicki,std,std
Haematopus_ostralegus,std,std
Vanellus_vanellus,std,std
Charadrius_montanus,std,std
Charadrius_vociferus,std,std
Pluvialis_squatarola,std,std
Steatornis_caripensis,std,std
Aegotheles_cristatus,std,std
Cypseloides_fumigatus,std,std
Aerodramus_fuciphagus,std,std
Chaetura_pelagica,std,std
Apus_apus,std,std
Phaethon_rubricauda,std,std
Rhynochetos_jubatus,std,std
Gavia_stellata,std,std
Macronectes_giganteus,std,std
Pagodroma_nivea,std,std
Daption_capense,std,std
Ardenna_carneipes,std,std
Ardenna_pacifica,std,std
Pelecanoides_urinatrix,std,std
Phoebastria_immutabilis,std,std
Phoebastria_nigripes,std,std
Thalassarche_melanophrys,std,std
Oceanodroma_castro,std,std
Oceanites_oceanicus,std,std
Aptenodytes_forsteri,std,std
Spheniscus_demersus,std,std
Spheniscus_humboldti,std,std
Eudyptula_minor,std,std
Eudyptes_chrysocome,std,std
Eudyptes_chrysolophus,std,std
Pygoscelis_adeliae,std,std
Pygoscelis_antarcticus,std,std
Pygoscelis_papua,std,std
Ciconia_ciconia,std,std
Phalacrocorax_auritus,std,std
Phalacrocorax_carbo,std,std
Fregata_magnificens,std,std
Sula_dactylatra,std,std
Balaeniceps_rex,std,std
Ardea_cinerea,std,std
Ardea_purpurea,std,std
Bubulcus_ibis,std,std
Nycticorax_nycticorax,std,std
Platalea_leucorodia,std,std
Eudocimus_ruber,std,std
Nipponia_nippon,std,std
Threskiornis_aethiopicus,std,std
Circaetus_pectoralis,std,std
Aquila_chrysaetos,std,std
Accipiter_nisus,std,std
Milvus_migrans,std,std
Haliaeetus_albicilla,std,std
Pandion_haliaetus,std,std
Cathartes_aura,std,std
Coragyps_atratus,std,std
Sarcoramphus_papa,std,std
Vultur_gryphus,std,std
Ninox_novaeseelandiae,std,std
Ninox_strenua,std,std
Asio_otus,std,std
Asio_flammeus,std,std
Bubo_bubo,std,std
Bubo_scandiacus,std,std
Strix_uralensis,std,std
Upupa_epops,std,std
Rhinopomastus_cyanomelas,std,std
Buceros_bicornis,std,std
Rhabdotorrhinus_waldeni,std,std
Bucorvus_leadbeateri,std,std
Ceryle_rudis,std,std
Halcyon_smyrnensis,std,std
Eurystomus_orientalis,std,std
Merops_viridis,std,std
Dryobates_pubescens,std,std
Dryocopus_pileatus,std,std
Jynx_torquilla,std,std
Falco_naumanni,std,std
Falco_peregrinus,std,std
Falco_sparverius,std,std
Falco_tinnunculus,std,std
Herpetotheres_cachinnans,std,std
Strigops_habroptila,std,std
Nestor_notabilis,std,std
Nymphicus_hollandicus,std,std
Calyptorhynchus_lathami,std,std
Zanda_latirostris,std,std
Eolophus_roseicapilla,std,std
Cacatua_moluccensis,std,std
Cacatua_pastinator,std,std
Ara_ararauna,std,std
Ara_glaucogularis,std,std
Ara_macao,std,std
Amazona_aestiva,std,std
Myiopsitta_monachus,std,std
Forpus_passerinus,std,std
Psittrichas_fulgidus,std,std
Agapornis_roseicollis,std,std
Melopsittacus_undulatus,std,std
Trichoglossus_euteles,std,std
Trichoglossus_haematodus,std,std
Neophema_chrysogaster,std,std
Eclectus_roratus,std,std
Psittacula_eupatria,std,std
Acanthisitta_chloris,std,std
Mionectes_oleagineus,std,std
Tyrannus_savana,std,std
Menura_novaehollandiae,std,std
Gerygone_igata,std,std
Dicrurus_macrocercus,std,std
Lanius_tephronotus,std,std
Cyanopica_cyanus,std,std
Aphelocoma_coerulescens,std,std
Corvus_corax,std,std
Corvus_frugilegus,std,std
Corvus_hawaiiensis,std,std
Corvus_splendens,std,std
Pica_pica,std,std
Pica_hudsonia,std,std
Garrulus_glandarius,std,std
Eopsaltria_georgiana,std,std
Picathartes_gymnocephalus,std,std
Poecile_atricapillus,std,std
Poecile_palustris,std,std
Parus_major,std,std
Parus_monticolus,std,std
Periparus_ater,std,std
Eremophila_alpestris,std,std
Acrocephalus_scirpaceus,std,std
Delichon_urbicum,std,std
Tachycineta_albilinea,std,std
Tachycineta_bicolor,std,std
Tachycineta_cyaneoviridis,std,std
Tachycineta_leucorrhoa,std,std
Tachycineta_stolzmanni,std,std
Tachycineta_thalassina,std,std
Hirundo_atrocaerulea,std,std
Hirundo_neoxena,std,std
Hirundo_rustica,std,std
Hirundo_tahitica,std,std
Progne_chalybea,std,std
Riparia_riparia,std,std
Sylvia_atricapilla,std,std
Zosterops_lateralis,std,std
Trochalopteron_elliotii,std,std
Phylloscopus_trochilus,std,std
Phylloscopus_collybita,std,std
Ficedula_albicollis,std,std
Oenanthe_oenanthe,std,std
Catharus_fuscescens,std,std
Turdus_merula,std,std
Turdus_migratorius,std,std
Turdus_philomelos,std,std
Turdus_rufiventris,std,std
Buphagus_erythrorhynchus,std,std
Sturnus_vulgaris,std,std
Regulus_regulus,std,std
Tichodroma_muraria,std,std
Campylorhynchus_brunneicapillus,std,std
Thryothorus_ludovicianus,std,std
Sitta_europaea,std,std
Lonchura_oryzivora,std,std
Taeniopygia_guttata,std,std
Passer_domesticus,std,std
Motacilla_flava,std,std
Acanthis_flammea,std,std
Chlorodrepanis_flava,std,std
Himatione_sanguinea,std,std
Loxops_coccineus,std,std
Magumma_parva,std,std
Paroreomyza_montana,std,std
Haemorhous_mexicanus,std,std
Pinicola_enucleator,std,std
Serinus_canaria,std,std
Calcarius_ornatus,std,std
Cardinalis_cardinalis,std,std
Piranga_olivacea,std,std
Piranga_rubra,std,std
Thraupis_episcopus,std,std
Spizella_passerina,std,std
Zonotrichia_albicollis,std,std
Setophaga_kirtlandii,std,std
Agelaioides_badius,std,std
Agelaius_phoeniceus,std,std
Amblyramphus_holosericeus,std,std
Euphagus_cyanocephalus,std,std
Molothrus_aeneus,std,std
Molothrus_ater,std,std
Pseudoleistes_virescens,std,std
Quiscalus_mexicanus,std,std
Quiscalus_quiscula,std,std
Ornithorhynchus_anatinus,std,stx
Tachyglossus_aculeatus,std,stx
Didelphis_virginiana,stx,stx
Monodelphis_domestica,stx,stx
Sarcophilus_harrisii,stx,stx
Antechinus_flavipes,stx,stx
Isoodon_macrourus,stx,stx
Phascolarctos_cinereus,stx,stx
Trichosurus_vulpecula,stx,stx
Tarsipes_rostratus,stx,stx
Petaurus_breviceps,stx,abj
Pseudocheirus_peregrinus,stx,stx
Lagostrophus_fasciatus,stx,stx
Lagorchestes_hirsutus,stx,stx
Macropus_fuliginosus,stx,stx
Macropus_giganteus,stx,stx
Macropus_robustus,stx,stx
Potorous_tridactylus,stx,stx
Choloepus_didactylus,stx,stx
Myrmecophaga_tridactyla,stx,stx
Tamandua_mexicana,stx,stx
Chaetophractus_villosus,stx,stx
Tolypeutes_matacus,stx,stx
Dasypus_novemcinctus,stx,stx
Dasypus_septemcinctus,stx,stx
Orycteropus_afer,stx,stx
Macroscelides_proboscideus,stx,stx
Elephantulus_rufescens,stx,stx
Echinops_telfairi,stx,stx
Loxodonta_africana,stx,stx
Elephas_maximus,stx,stx
Trichechus_manatus,stx,stx
Dugong_dugon,stx,stx
Hydrodamalis_gigas,stx,abj
Dendrohyrax_dorsalis,stx,stx
Procavia_capensis,stx,stx
Crocidura_russula,stx,stx
Suncus_murinus,stx,stx
Blarina_brevicauda,stx,stx
Neomys_fodiens,stx,stx
Sorex_araneus,stx,stx
Condylura_cristata,stx,stx
Talpa_europaea,stx,stx
Galemys_pyrenaicus,stx,stx
Erinaceus_europaeus,stx,stx
Eidolon_helvum,stx,stx
Pteropus_alecto,stx,stx
Rousettus_aegyptiacus,stx,stx
Rousettus_leschenaultii,stx,stx
Rousettus_madagascariensis,stx,stx
Epomops_buettikoferi,stx,stx
Micropteropus_pusillus,stx,stx
Hipposideros_armiger,stx,stx
Hipposideros_larvatus,stx,stx
Hipposideros_pomona,stx,stx
Rhinolophus_ferrumequinum,stx,std
Rhinolophus_marshalli,stx,stx
Mystacina_tuberculata,stx,stx
Carollia_perspicillata,stx,stx
Desmodus_rotundus,stx,abj
Molossus_molossus,stx,stx
Myotis_lucifugus,stx,stx
Myotis_macrodactylus,stx,stx
Myotis_myotis,stx,stx
Myotis_septentrionalis,stx,stx
Myotis_thysanodes,stx,stx
Nyctalus_noctula,stx,stx
Nyctalus_plancyi,stx,stx
Pipistrellus_pipistrellus,stx,stx
Corynorhinus_rafinesquii,stx,stx
Plecotus_auritus,stx,stx
Vespertilio_sinensis,stx,stx
Manis_crassicaudata,stx,std
Manis_javanica,stx,std
Manis_pentadactyla,stx,stx
Smutsia_gigantea,stx,stx
Smutsia_temminckii,stx,stx
Phataginus_tetradactyla,stx,stx
Phataginus_tricuspis,stx,stx
Nandinia_binotata,stx,stx
Neofelis_nebulosa,stx,stx
Uncia_uncia,stx,stx
Panthera_tigris,stx,stx
Panthera_pardus,stx,stx
Panthera_onca,stx,stx
Panthera_leo,stx,stx
Catopuma_temminckii,stx,stx
Pardofelis_marmorata,stx,stx
Caracal_caracal,stx,stx
Leptailurus_serval,stx,stx
Profelis_aurata,stx,stx
Leopardus_pardalis,stx,stx
Leopardus_wiedii,stx,stx
Lynx_canadensis,stx,stx
Lynx_lynx,stx,stx
Lynx_pardinus,stx,stx
Lynx_rufus,stx,stx
Acinonyx_jubatus,stx,stx
Puma_concolor,stx,stx
Puma_yagouaroundi,stx,stx
Prionailurus_bengalensis,stx,stx
Prionailurus_rubiginosus,stx,stx
Prionailurus_viverrinus,stx,stx
Felis_catus,stx,stx
Felis_chaus,stx,stx
Felis_manul,stx,stx
Felis_margarita,stx,stx
Felis_nigripes,stx,stx
Felis_silvestris,stx,stx
Arctictis_binturong,stx,stx
Paradoxurus_hermaphroditus,stx,stx
Civettictis_civetta,stx,stx
Viverricula_indica,stx,stx
Genetta_genetta,stx,stx
Crocuta_crocuta,stx,stx
Hyaena_brunnea,stx,stx
Hyaena_hyaena,stx,stx
Atilax_paludinosus,stx,stx
Herpestes_javanicus,stx,stx
Suricata_suricatta,stx,stx
Cryptoprocta_ferox,stx,abj
Galidia_elegans,stx,stx
Urocyon_cinereoargenteus,stx,stx
Canis_aureus,stx,stx
Canis_familiaris,stx,stx
Canis_lupus,stx,stx
Canis_latrans,stx,stx
Canis_familiaris,stx,stx
Canis_lupus,stx,stx
Cuon_alpinus,stx,stx
Lycaon_pictus,stx,stx
Chrysocyon_brachyurus,stx,stx
Speothos_venaticus,stx,stx
Nyctereutes_procyonoides,stx,stx
Vulpes_lagopus,stx,stx
Vulpes_vulpes,stx,stx
Vulpes_zerda,stx,stx
Ursus_arctos,stx,stx
Ursus_maritimus,stx,stx
Ursus_americanus,stx,stx
Ursus_thibetanus,stx,stx
Melursus_ursinus,stx,stx
Helarctos_malayanus,stx,stx
Ailuropoda_melanoleuca,stx,stx
Tremarctos_ornatus,stx,stx
Ailurus_fulgens,stx,stx
Mephitis_mephitis,stx,stx
Spilogale_putorius,stx,stx
Pteronura_brasiliensis,stx,stx
Lontra_canadensis,stx,stx
Enhydra_lutris,stx,stx
Hydrictis_maculicollis,stx,stx
Lutra_lutra,stx,stx
Aonyx_cinerea,stx,stx
Lutrogale_perspicillata,stx,stx
Mustela_erminea,stx,stx
Mustela_frenata,stx,stx
Mustela_lutreola,stx,stx
Mustela_nigripes,stx,stx
Mustela_nivalis,stx,stx
Mustela_putorius,stx,stx
Mustela_vison,stx,stx
Ictonyx_striatus,stx,stx
Poecilogale_albinucha,stx,stx
Gulo_gulo,stx,stx
Martes_americana,stx,stx
Martes_martes,stx,stx
Martes_pennanti,stx,stx
Martes_zibellina,stx,stx
Meles_meles,stx,stx
Mellivora_capensis,stx,stx
Taxidea_taxus,stx,stx
Procyon_lotor,stx,stx
Potos_flavus,stx,stx
Monachus_monachus,stx,stx
Neomonachus_schauinslandi,stx,stx
Mirounga_leonina,stx,stx
Lobodon_carcinophaga,stx,stx
Leptonychotes_weddellii,stx,stx
Cystophora_cristata,stx,stx
Erignathus_barbatus,stx,stx
Phoca_largha,stx,stx
Phoca_vitulina,stx,stx
Pusa_hispida,stx,stx
Pusa_sibirica,stx,stx
Histriophoca_fasciata,stx,stx
Pagophilus_groenlandicus,stx,stx
Halichoerus_grypus,stx,stx
Arctocephalus_australis,stx,stx
Arctocephalus_forsteri,stx,stx
Arctocephalus_pusillus,stx,stx
Callorhinus_ursinus,stx,stx
Eumetopias_jubatus,stx,stx
Neophoca_cinerea,stx,stx
Otaria_flavescens,stx,stx
Phocarctos_hookeri,stx,stx
Zalophus_californianus,stx,stx
Zalophus_wollebaeki,stx,stx
Odobenus_rosmarus_rosmarus,stx,stx
Equus_hemionus,stx,stx
Equus_quagga,stx,stx
Tapirus_terrestris,stx,stx
Tapirus_bairdii,stx,stx
Rhinoceros_unicornis,stx,stx
Dicerorhinus_sumatrensis,stx,stx
Diceros_bicornis,stx,stx
Ceratotherium_simum,stx,stx
Camelus_dromedarius,stx,abj
Camelus_bactrianus,stx,stx
Lama_glama,stx,stx
Vicugna_pacos,stx,stx
Sus_scrofa,stx,stx
Pecari_tajacu,stx,stx
Monodon_monoceros,stx,stx
Delphinapterus_leucas,stx,stx
Phocoena_phocoena,stx,stx
Phocoenoides_dalli,stx,stx
Neophocaena_phocaenoides,stx,stx
Delphinus_delphis,stx,stx
Sousa_chinensis,stx,stx
Stenella_coeruleoalba,stx,stx
Stenella_attenuata,stx,stx
Stenella_longirostris,stx,stx
Stenella_frontalis,stx,stx
Tursiops_truncatus,stx,stx
Lagenorhynchus_albirostris,stx,stx
Feresa_attenuata,stx,stx
Globicephala_macrorhynchus,stx,stx
Globicephala_melas,stx,stx
Grampus_griseus,stx,stx
Orcaella_brevirostris,stx,stx
Peponocephala_electra,stx,stx
Pseudorca_crassidens,stx,stx
Orcinus_orca,stx,stx
Lipotes_vexillifer,stx,stx
Inia_geoffrensis,stx,stx
Pontoporia_blainvillei,stx,stx
Berardius_bairdii,stx,stx
Hyperoodon_ampullatus,stx,stx
Ziphius_cavirostris,stx,stx
Platanista_gangetica,stx,stx
Kogia_breviceps,stx,stx
Kogia_sima,stx,stx
Physeter_macrocephalus,stx,stx
Balaenoptera_acutorostrata,stx,stx
Balaenoptera_borealis,stx,stx
Balaenoptera_edeni,stx,stx
Balaenoptera_musculus,stx,stx
Balaenoptera_physalus,stx,stx
Megaptera_novaeangliae,stx,stx
Eschrichtius_robustus,stx,stx
Caperea_marginata,stx,stx
Eubalaena_australis,stx,stx
Eubalaena_glacialis,stx,stx
Balaena_mysticetus,stx,stx
Hippopotamus_amphibius,stx,stx
Hexaprotodon_liberiensis,stx,stx
Antilocapra_americana,stx,stx
Giraffa_camelopardalis,stx,stx
Okapia_johnstoni,stx,stx
Cervus_canadensis,stx,stx
Cervus_elaphus,stx,stx
Cervus_nippon,stx,stx
Dama_dama,stx,stx
Elaphurus_davidianus,stx,stx
Muntiacus_muntjak,stx,stx
Muntiacus_reevesi,stx,stx
Rusa_timorensis,stx,stx
Rusa_unicolor,stx,stx
Capreolus_capreolus,stx,stx
Rangifer_tarandus,stx,stx
Odocoileus_virginianus,stx,stx
Alces_alces,stx,stx
Hydropotes_inermis,stx,stx
Moschus_berezovskii,stx,stx
Taurotragus_oryx,stx,stx
Tragelaphus_strepsiceros,stx,stx
Tragelaphus_imberbis,stx,stx
Bubalus_bubalis,stx,stx
Syncerus_caffer,stx,stx
Bison_bonasus,stx,stx
Bison_bison,stx,stx
Bos_grunniens,stx,stx
Bos_mutus,stx,stx
Gazella_dorcas,stx,stx
Gazella_subgutturosa,stx,stx
Antidorcas_marsupialis,stx,stx
Eudorcas_thomsonii,stx,stx
Saiga_tatarica,stx,stx
Madoqua_kirkii,stx,stx
Cephalophus_dorsalis,stx,stx
Cephalophus_rufilatus,stx,stx
Cephalophus_sylvicultor,stx,stx
Sylvicapra_grimmia,stx,stx
Pelea_capreolus,stx,stx
Redunca_fulvorufula,stx,stx
Aepyceros_melampus,stx,stx
Ovibos_moschatus,stx,stx
Capra_hircus,stx,stx
Capra_ibex,stx,stx
Ovis_ammon,stx,stx
Ovis_aries,stx,stx
Ovis_canadensis,stx,stx
Capricornis_crispus,stx,stx
Oreamnos_americanus,stx,stx
Rupicapra_rupicapra,stx,stx
Hippotragus_equinus,stx,stx
Hippotragus_niger,stx,stx
Oryx_leucoryx,stx,stx
Addax_nasomaculatus,stx,stx
Connochaetes_gnou,stx,stx
Connochaetes_taurinus,stx,stx
Damaliscus_lunatus,stx,stx
Heterocephalus_glaber,stx,stx
Cryptomys_damarensis,stx,stx
Chinchilla_lanigera,stx,stx
Cavia_aperea,stx,stx
Cavia_porcellus,stx,stx
Geocapromys_ingrahami,stx,stx
Myocastor_coypus,stx,stx
Proechimys_semispinosus,stx,stx
Octodon_degus,stx,stx
Eliomys_quercinus,stx,std
Glis_glis,stx,stx
Muscardinus_avellanarius,stx,stx
Sciurus_carolinensis,stx,stx
Sciurus_vulgaris,stx,stx
Glaucomys_volans,stx,stx
Callospermophilus_lateralis,stx,stx
Urocitellus_richardsonii,stx,stx
Tamias_striatus,stx,stx
Neotamias_quadrivittatus,stx,stx
Marmota_flaviventris,stx,stx
Marmota_monax,stx,stx
Cynomys_ludovicianus,stx,stx
Ictidomys_tridecemlineatus,stx,stx
Spermophilus_citellus,stx,stx
Castor_fiber,stx,stx
Dipodomys_merriami,stx,stx
Dipodomys_spectabilis,stx,stx
Jaculus_jaculus,stx,std
Microtus_arvalis,stx,stx
Microtus_cabrerae,stx,stx
Microtus_montanus,stx,stx
Microtus_ochrogaster,stx,stx
Microtus_richardsoni,stx,stx
Myodes_rufocanus,stx,std
Myodes_rutilus,stx,stx
Ondatra_zibethicus,stx,stx
Dicrostonyx_groenlandicus,stx,stx
Dicrostonyx_torquatus,stx,stx
Cricetus_cricetus,stx,stx
Mesocricetus_auratus,stx,stx
Neotoma_albigula,stx,stx
Peromyscus_crinitus,stx,stx
Peromyscus_eremicus,stx,stx
Peromyscus_leucopus,stx,stx
Peromyscus_maniculatus,stx,stx
Peromyscus_polionotus,stx,stx
Onychomys_leucogaster,stx,stx
Sigmodon_hispidus,stx,stx
Acomys_cahirinus,stx,stx
Meriones_unguiculatus,stx,stx
Meriones_libycus,stx,stx
Psammomys_obesus,stx,stx
Apodemus_agrarius,stx,stx
Apodemus_sylvaticus,stx,stx
Micaelamys_namaquensis,stx,stx
Lemniscomys_rosalia,stx,stx
Dasymys_incomtus,stx,stx
Chiropodomys_gliroides,stx,stx
Mus_minutoides,stx,stx
Mus_musculus,stx,stx
Otomys_irroratus,stx,stx
Mastomys_coucha,stx,stx
Mastomys_natalensis,stx,stx
Praomys_morio,stx,stx
Micromys_minutus,stx,stx
Bandicota_indica,stx,stx
Rattus_exulans,stx,stx
Rattus_fuscipes,stx,stx
Rattus_lutreolus,stx,stx
Rattus_norvegicus,stx,stx
Rattus_rattus,stx,stx
Rattus_tiomanicus,stx,stx
Oryctolagus_cuniculus,stx,stx
Lepus_europaeus,stx,stx
Lepus_capensis,stx,stx
Lepus_timidus,stx,stx
Lepus_townsendii,stx,stx
Ochotona_princeps,stx,stx
Tupaia_glis,stx,stx
Tupaia_belangeri,stx,stx
Galeopterus_variegatus,stx,std
Daubentonia_madagascariensis,stx,std
Propithecus_diadema,stx,stx
Propithecus_tattersalli,stx,stx
Cheirogaleus_medius,stx,stx
Microcebus_murinus,stx,stx
Lemur_catta,stx,stx
Varecia_variegata,stx,stx
Nycticebus_coucang,stx,stx
Nycticebus_pygmaeus,stx,stx
Perodicticus_potto,stx,stx
Loris_tardigradus,stx,stx
Galago_senegalensis,stx,stx
Otolemur_crassicaudatus,stx,abj
Carlito_syrichta,stx,stx
Cephalopachus_bancanus,stx,stx
Callimico_goeldii,stx,stx
Callithrix_pygmaea,stx,stx
Callithrix_jacchus,stx,stx
Leontopithecus_rosalia,stx,stx
Leontocebus_nigricollis,stx,std
Saguinus_oedipus,stx,stx
Aotus_trivirgatus,stx,std
Plecturocebus_cupreus,stx,std
Cebus_albifrons,stx,stx
Sapajus_apella,stx,stx
Saimiri_sciureus,stx,stx
Ateles_geoffroyi,stx,stx
Ateles_paniscus,stx,stx
Alouatta_palliata,stx,stx
Lagothrix_lagothricha,stx,stx
Chlorocebus_aethiops,stx,stx
Cercopithecus_neglectus,stx,stx
Macaca_arctoides,stx,stx
Macaca_fascicularis,stx,stx
Macaca_fuscata,stx,stx
Macaca_mulatta,stx,stx
Macaca_radiata,stx,stx
Macaca_sylvanus,stx,stx
Papio_anubis,stx,stx
Papio_hamadryas,stx,stx
Theropithecus_gelada,stx,stx
Cercocebus_torquatus,stx,stx
Mandrillus_sphinx,stx,stx
Trachypithecus_cristatus,stx,stx
Nasalis_larvatus,stx,stx
Hylobates_lar,stx,stx
Symphalangus_syndactylus,stx,stx
Pongo_pygmaeus,stx,stx
Gorilla_gorilla,stx,stx
Pan_paniscus,stx,stx
Pan_troglodytes,stx,stx
Homo_sapiens,stx,stx
